Type,id_1,id_2,Reverse
PART_WHOLE,C08-1105.2,C08-1105.3,
PART_WHOLE,C08-1105.4,C08-1105.5,
RESULT,C08-1105.15,C08-1105.16,
RESULT,C08-1105.18,C08-1105.19,
USAGE,L08-1579.1,L08-1579.2,REVERSE
USAGE,E99-1028.1,E99-1028.2,REVERSE
USAGE,N04-4037.9,N04-4037.10,REVERSE
COMPARE,N04-4037.13,N04-4037.14,
USAGE,H91-1080.1,H91-1080.2,
USAGE,H91-1080.3,H91-1080.4,
PART_WHOLE,W00-0902.5,W00-0902.6,
PART_WHOLE,W00-0902.8,W00-0902.9,
COMPARE,W00-0902.15,W00-0902.16,
PART_WHOLE,W00-0902.19,W00-0902.20,REVERSE
COMPARE,W00-0902.28,W00-0902.29,
USAGE,W02-1501.1,W02-1501.2,
USAGE,W02-1501.5,W02-1501.6,
MODEL-FEATURE,W99-0619.3,W99-0619.4,
MODEL-FEATURE,W99-0619.7,W99-0619.8,
MODEL-FEATURE,W99-0619.9,W99-0619.10,
USAGE,W99-0619.14,W99-0619.15,
USAGE,J87-1004.1,J87-1004.2,
USAGE,J87-1004.4,J87-1004.5,
USAGE,J87-1004.13,J87-1004.14,REVERSE
USAGE,J87-1004.21,J87-1004.22,
USAGE,W04-3002.1,W04-3002.2,
USAGE,W04-3002.3,W04-3002.4,REVERSE
USAGE,W04-3002.6,W04-3002.7,REVERSE
MODEL-FEATURE,W06-1637.2,W06-1637.3,
PART_WHOLE,W06-1637.6,W06-1637.7,REVERSE
MODEL-FEATURE,W06-1637.13,W06-1637.14,
USAGE,W07-1014.1,W07-1014.2,
MODEL-FEATURE,P07-1069.2,P07-1069.4,
USAGE,P07-1069.6,P07-1069.8,REVERSE
COMPARE,P08-1055.7,P08-1055.8,
USAGE,D08-1086.2,D08-1086.3,REVERSE
MODEL-FEATURE,D08-1086.4,D08-1086.5,REVERSE
USAGE,D08-1086.8,D08-1086.9,
PART_WHOLE,E03-1009.1,E03-1009.2,
USAGE,I05-2045.2,I05-2045.4,
PART_WHOLE,C02-1065.5,C02-1065.6,
MODEL-FEATURE,C02-1065.7,C02-1065.8,
COMPARE,C02-1065.10,C02-1065.12,
USAGE,C02-1065.15,C02-1065.16,
PART_WHOLE,L08-1611.1,L08-1611.2,REVERSE
USAGE,L08-1611.3,L08-1611.4,
PART_WHOLE,L08-1611.9,L08-1611.10,
USAGE,L08-1611.21,L08-1611.22,
USAGE,E06-1005.6,E06-1005.7,REVERSE
USAGE,E06-1005.9,E06-1005.11,REVERSE
USAGE,E06-1005.13,E06-1005.16,
USAGE,E06-1005.20,E06-1005.21,
USAGE,N06-1024.3,N06-1024.4,
COMPARE,N06-1024.9,N06-1024.11,
MODEL-FEATURE,E95-1041.3,E95-1041.4,
USAGE,H92-1033.4,H92-1033.5,
USAGE,W97-0503.2,W97-0503.3,
USAGE,W97-0503.5,W97-0503.6,
USAGE,W00-1210.2,W00-1210.3,REVERSE
PART_WHOLE,W02-1813.1,W02-1813.2,
PART_WHOLE,W00-0110.3,W00-0110.4,
MODEL-FEATURE,W00-0110.10,W00-0110.11,REVERSE
USAGE,W00-0110.14,W00-0110.15,REVERSE
USAGE,J95-1001.2,J95-1001.3,
USAGE,J95-1001.11,J95-1001.12,REVERSE
MODEL-FEATURE,J95-1001.17,J95-1001.18,
MODEL-FEATURE,J95-1001.21,J95-1001.22,
PART_WHOLE,J95-1001.23,J95-1001.24,
MODEL-FEATURE,J95-1001.26,J95-1001.27,
MODEL-FEATURE,J95-1001.29,J95-1001.30,
MODEL-FEATURE,J95-1001.34,J95-1001.35,
MODEL-FEATURE,J95-1001.36,J95-1001.38,
USAGE,P98-1108.6,P98-1108.7,REVERSE
USAGE,P98-1108.12,P98-1108.14,
USAGE,W05-0906.3,W05-0906.4,REVERSE
PART_WHOLE,W03-1729.1,W03-1729.2,
USAGE,W03-1729.3,W03-1729.4,REVERSE
MODEL-FEATURE,W03-1729.7,W03-1729.8,REVERSE
USAGE,W07-1315.6,W07-1315.7,
MODEL-FEATURE,W07-1315.11,W07-1315.12,REVERSE
PART_WHOLE,W07-1315.13,W07-1315.14,REVERSE
MODEL-FEATURE,W07-1315.15,W07-1315.16,
USAGE,P08-2055.8,P08-2055.9,
RESULT,P08-2055.10,P08-2055.11,
USAGE,P03-2012.1,P03-2012.2,
PART_WHOLE,P03-2012.8,P03-2012.9,
RESULT,P03-2012.10,P03-2012.11,
USAGE,P03-2012.14,P03-2012.15,
USAGE,P01-1013.3,P01-1013.4,
MODEL-FEATURE,C86-1108.2,C86-1108.3,
MODEL-FEATURE,L08-1114.1,L08-1114.2,REVERSE
USAGE,L08-1114.10,L08-1114.11,
PART_WHOLE,L08-1114.12,L08-1114.13,
PART_WHOLE,L08-1114.14,L08-1114.15,REVERSE
USAGE,E03-1019.5,E03-1019.6,REVERSE
MODEL-FEATURE,C02-1079.1,C02-1079.2,
MODEL-FEATURE,C02-1079.3,C02-1079.4,
MODEL-FEATURE,C02-1079.7,C02-1079.8,
MODEL-FEATURE,L08-1197.3,L08-1197.4,
USAGE,C02-1098.2,C02-1098.3,
PART_WHOLE,C02-1098.11,C02-1098.12,REVERSE
MODEL-FEATURE,C02-1098.14,C02-1098.16,
USAGE,C02-1098.18,C02-1098.19,
MODEL-FEATURE,C02-1098.25,C02-1098.26,REVERSE
USAGE,E03-1029.1,E03-1029.2,REVERSE
RESULT,E03-1029.4,E03-1029.5,
USAGE,E03-1029.7,E03-1029.8,
USAGE,E03-1029.9,E03-1029.10,
USAGE,L08-1405.8,L08-1405.9,REVERSE
RESULT,I05-3026.5,I05-3026.6,
USAGE,N04-1030.1,N04-1030.2,
USAGE,N04-1030.3,N04-1030.4,REVERSE
PART_WHOLE,N04-1030.7,N04-1030.8,
USAGE,A94-1010.1,A94-1010.2,
PART_WHOLE,A94-1010.5,A94-1010.6,
MODEL-FEATURE,A94-1010.11,A94-1010.12,
RESULT,A94-1010.16,A94-1010.17,
RESULT,A94-1010.20,A94-1010.21,
USAGE,A00-3005.1,A00-3005.2,
USAGE,A00-3005.5,A00-3005.6,
PART_WHOLE,A00-3005.8,A00-3005.9,REVERSE
USAGE,H92-1111.1,H92-1111.3,
MODEL-FEATURE,A00-1010.7,A00-1010.8,REVERSE
USAGE,A00-1010.9,A00-1010.10,REVERSE
PART_WHOLE,W99-0210.3,W99-0210.5,
MODEL-FEATURE,W99-0210.10,W99-0210.11,
USAGE,W99-0210.23,W99-0210.24,
COMPARE,W01-0906.6,W01-0906.7,
USAGE,W01-0906.9,W01-0906.10,
PART_WHOLE,W03-1102.1,W03-1102.2,
MODEL-FEATURE,W03-1102.3,W03-1102.4,
MODEL-FEATURE,W03-1102.5,W03-1102.6,
MODEL-FEATURE,W03-1102.8,W03-1102.9,
COMPARE,W08-0410.1,W08-0410.2,
PART_WHOLE,W08-0410.3,W08-0410.5,
USAGE,W08-0410.11,W08-0410.12,REVERSE
USAGE,P98-2243.1,P98-2243.2,
USAGE,P98-2243.4,P98-2243.5,REVERSE
MODEL-FEATURE,P98-2243.8,P98-2243.9,
PART_WHOLE,P98-2243.10,P98-2243.11,
USAGE,W04-1908.1,W04-1908.2,
MODEL-FEATURE,W04-1908.4,W04-1908.5,REVERSE
USAGE,W01-0512.1,W01-0512.2,REVERSE
USAGE,W01-0512.3,W01-0512.4,REVERSE
PART_WHOLE,W01-0512.5,W01-0512.6,REVERSE
MODEL-FEATURE,W01-0512.7,W01-0512.8,REVERSE
PART_WHOLE,W06-1707.10,W06-1707.11,
USAGE,P07-2015.3,P07-2015.4,REVERSE
COMPARE,P07-2015.5,P07-2015.6,
USAGE,P07-2015.9,P07-2015.10,
USAGE,W08-1105.1,W08-1105.2,
RESULT,W08-1105.8,W08-1105.9,
USAGE,W08-1105.11,W08-1105.12,
USAGE,P05-2005.5,P05-2005.6,
USAGE,C90-3005.2,C90-3005.3,
USAGE,C90-3005.4,C90-3005.5,
USAGE,L08-1559.1,L08-1559.3,
PART_WHOLE,L08-1559.4,L08-1559.5,REVERSE
USAGE,L08-1559.6,L08-1559.7,
USAGE,L08-1559.15,L08-1559.16,REVERSE
USAGE,L08-1559.17,L08-1559.18,
USAGE,L08-1559.20,L08-1559.21,
PART_WHOLE,L08-1196.1,L08-1196.2,REVERSE
TOPIC,L08-1196.7,L08-1196.8,
MODEL-FEATURE,L08-1196.11,L08-1196.12,
MODEL-FEATURE,L08-1196.17,L08-1196.18,
PART_WHOLE,L08-1196.21,L08-1196.22,REVERSE
USAGE,C96-2185.8,C96-2185.9,REVERSE
PART_WHOLE,E83-1003.1,E83-1003.2,REVERSE
MODEL-FEATURE,E83-1003.11,E83-1003.12,
USAGE,H94-1080.15,H94-1080.16,REVERSE
USAGE,H94-1080.17,H94-1080.18,REVERSE
USAGE,H94-1080.20,H94-1080.21,
USAGE,D08-1090.1,D08-1090.2,REVERSE
COMPARE,D08-1090.4,D08-1090.5,
USAGE,D08-1090.6,D08-1090.7,
USAGE,D08-1090.9,D08-1090.10,
COMPARE,D08-1090.18,D08-1090.19,
USAGE,D08-1090.20,D08-1090.21,
COMPARE,D08-1090.23,D08-1090.24,
PART_WHOLE,E06-2007.3,E06-2007.4,
USAGE,M91-1032.2,M91-1032.3,REVERSE
PART_WHOLE,M91-1032.23,M91-1032.24,
PART_WHOLE,A00-1026.3,A00-1026.4,
USAGE,A00-1026.8,A00-1026.9,
PART_WHOLE,A00-1026.11,A00-1026.12,REVERSE
PART_WHOLE,H92-1046.2,H92-1046.3,
USAGE,H92-1046.5,H92-1046.7,REVERSE
USAGE,H92-1046.23,H92-1046.24,
USAGE,H92-1046.25,H92-1046.26,
USAGE,W97-0909.3,W97-0909.4,
PART_WHOLE,W00-1403.2,W00-1403.3,REVERSE
USAGE,W03-0903.1,W03-0903.2,
PART_WHOLE,W04-0902.5,W04-0902.6,
MODEL-FEATURE,W04-0902.9,W04-0902.10,
MODEL-FEATURE,W06-0113.10,W06-0113.11,REVERSE
RESULT,W06-0113.17,W06-0113.18,
PART_WHOLE,W06-2501.4,W06-2501.5,
MODEL-FEATURE,W06-2501.8,W06-2501.9,
MODEL-FEATURE,W06-2501.11,W06-2501.12,
USAGE,W06-2501.17,W06-2501.18,REVERSE
PART_WHOLE,W06-2501.22,W06-2501.23,REVERSE
USAGE,W07-1403.1,W07-1403.2,
MODEL-FEATURE,W07-1403.4,W07-1403.5,REVERSE
USAGE,W07-1403.8,W07-1403.9,
MODEL-FEATURE,P07-1105.3,P07-1105.4,
USAGE,C08-1062.7,C08-1062.9,
USAGE,P04-1038.1,P04-1038.2,
USAGE,P04-1038.3,P04-1038.4,REVERSE
MODEL-FEATURE,P04-1038.5,P04-1038.6,
MODEL-FEATURE,P04-1038.7,P04-1038.8,
USAGE,P04-1038.10,P04-1038.11,
USAGE,P04-1038.19,P04-1038.20,REVERSE
RESULT,P04-1038.22,P04-1038.23,
USAGE,C88-1082.2,C88-1082.3,REVERSE
USAGE,C88-1082.8,C88-1082.9,REVERSE
USAGE,C88-1082.17,C88-1082.18,REVERSE
USAGE,C88-1082.19,C88-1082.21,REVERSE
RESULT,C88-1082.29,C88-1082.30,
USAGE,L08-1178.6,L08-1178.7,
RESULT,L08-1178.14,L08-1178.15,
PART_WHOLE,L08-1178.17,L08-1178.18,REVERSE
USAGE,L08-1178.21,L08-1178.22,
PART_WHOLE,C02-1138.8,C02-1138.9,REVERSE
PART_WHOLE,C02-1138.13,C02-1138.14,
PART_WHOLE,L08-1016.9,L08-1016.10,REVERSE
USAGE,C02-2028.1,C02-2028.2,REVERSE
USAGE,C02-2028.4,C02-2028.5,REVERSE
MODEL-FEATURE,C02-2028.7,C02-2028.8,
USAGE,C02-2028.9,C02-2028.10,REVERSE
USAGE,L08-1535.1,L08-1535.2,
PART_WHOLE,L08-1535.6,L08-1535.8,REVERSE
MODEL-FEATURE,L08-1535.9,L08-1535.10,
MODEL-FEATURE,L08-1535.11,L08-1535.12,
TOPIC,L08-1535.17,L08-1535.18,
USAGE,L08-1535.19,L08-1535.20,
MODEL-FEATURE,L08-1535.27,L08-1535.28,REVERSE
PART_WHOLE,L08-1535.29,L08-1535.30,
PART_WHOLE,L08-1535.32,L08-1535.33,
USAGE,L08-1535.34,L08-1535.35,REVERSE
RESULT,L08-1535.38,L08-1535.39,
USAGE,L08-1535.42,L08-1535.43,
USAGE,L08-1003.6,L08-1003.7,
USAGE,L08-1003.8,L08-1003.9,
USAGE,N04-4025.1,N04-4025.2,REVERSE
USAGE,A94-1044.3,A94-1044.4,
TOPIC,H91-1079.1,H91-1079.2,
MODEL-FEATURE,H91-1079.5,H91-1079.6,
USAGE,H91-1079.12,H91-1079.13,REVERSE
PART_WHOLE,H91-1079.15,H91-1079.16,
USAGE,H91-1079.17,H91-1079.18,REVERSE
MODEL-FEATURE,H92-1116.5,H92-1116.6,REVERSE
USAGE,H92-1116.14,H92-1116.15,
MODEL-FEATURE,H92-1116.20,H92-1116.21,
PART_WHOLE,H92-1116.24,H92-1116.25,REVERSE
USAGE,X96-1060.7,X96-1060.8,REVERSE
USAGE,H05-1080.1,H05-1080.2,
USAGE,H05-1080.5,H05-1080.7,
USAGE,W02-0211.5,W02-0211.6,REVERSE
USAGE,W02-0211.10,W02-0211.11,
COMPARE,W03-1712.13,W03-1712.14,
COMPARE,W03-1712.17,W03-1712.18,
USAGE,J81-2002.7,J81-2002.8,
USAGE,P98-1044.13,P98-1044.14,
USAGE,P98-1044.17,P98-1044.18,
USAGE,P98-1044.20,P98-1044.21,
MODEL-FEATURE,W04-2507.6,W04-2507.7,REVERSE
USAGE,W04-2507.11,W04-2507.12,REVERSE
PART_WHOLE,W07-1013.3,W07-1013.4,REVERSE
USAGE,W07-1013.6,W07-1013.7,REVERSE
COMPARE,W07-1013.12,W07-1013.13,
USAGE,N07-2055.1,N07-2055.2,
USAGE,N07-2055.3,N07-2055.4,
USAGE,N07-2055.5,N07-2055.6,
USAGE,P07-3007.1,P07-3007.2,
PART_WHOLE,P07-3007.4,P07-3007.6,
USAGE,P02-1065.1,P02-1065.3,REVERSE
PART_WHOLE,P02-1065.9,P02-1065.10,
PART_WHOLE,P06-1025.1,P06-1025.2,
USAGE,P06-1025.5,P06-1025.6,
MODEL-FEATURE,C94-1012.4,C94-1012.5,
PART_WHOLE,C94-1012.11,C94-1012.12,REVERSE
RESULT,C94-1012.13,C94-1012.14,
USAGE,D08-1012.3,D08-1012.4,
USAGE,D08-1012.9,D08-1012.10,REVERSE
COMPARE,D08-1012.16,D08-1012.18,
USAGE,L08-1071.1,L08-1071.2,
USAGE,L08-1071.3,L08-1071.4,
RESULT,C00-1005.1,C00-1005.3,
USAGE,C00-1005.8,C00-1005.10,
USAGE,C00-1005.18,C00-1005.20,
PART_WHOLE,L08-1561.6,L08-1561.7,
USAGE,L08-1561.11,L08-1561.12,
USAGE,H01-1034.4,H01-1034.5,
USAGE,I05-2006.1,I05-2006.2,
PART_WHOLE,I05-2006.3,I05-2006.4,
PART_WHOLE,I05-2006.6,I05-2006.7,
PART_WHOLE,I05-2006.8,I05-2006.9,
PART_WHOLE,I05-2006.10,I05-2006.11,
PART_WHOLE,I05-2006.13,I05-2006.14,
USAGE,I05-2006.17,I05-2006.18,
MODEL-FEATURE,N04-1025.1,N04-1025.2,
MODEL-FEATURE,N04-1025.3,N04-1025.4,REVERSE
USAGE,N04-1025.5,N04-1025.6,REVERSE
PART_WHOLE,N04-1025.10,N04-1025.11,
USAGE,N04-1025.17,N04-1025.18,
MODEL-FEATURE,M93-1024.6,M93-1024.7,REVERSE
USAGE,M93-1024.9,M93-1024.10,
USAGE,M93-1024.11,M93-1024.12,
PART_WHOLE,A00-2039.1,A00-2039.2,
USAGE,A00-2039.5,A00-2039.6,REVERSE
USAGE,A00-2039.7,A00-2039.8,REVERSE
MODEL-FEATURE,H92-1094.3,H92-1094.4,
PART_WHOLE,H92-1094.12,H92-1094.13,
PART_WHOLE,H01-1050.6,H01-1050.7,
USAGE,H01-1050.15,H01-1050.16,REVERSE
USAGE,H01-1050.18,H01-1050.19,REVERSE
COMPARE,H01-1050.26,H01-1050.27,
MODEL-FEATURE,W98-1240.9,W98-1240.10,REVERSE
MODEL-FEATURE,W98-1240.14,W98-1240.15,
USAGE,W03-1002.1,W03-1002.2,REVERSE
USAGE,W08-0309.2,W08-0309.3,
USAGE,W08-0309.17,W08-0309.18,REVERSE
USAGE,P98-2220.1,P98-2220.2,
USAGE,W06-0119.5,W06-0119.6,REVERSE
MODEL-FEATURE,W06-3103.1,W06-3103.2,REVERSE
USAGE,W06-3103.8,W06-3103.9,
USAGE,W06-3103.11,W06-3103.12,
USAGE,W06-3103.13,W06-3103.14,
USAGE,W06-1647.4,W06-1647.5,
COMPARE,W06-1647.10,W06-1647.11,
USAGE,P07-2013.1,P07-2013.2,
USAGE,C08-1138.1,C08-1138.2,
COMPARE,C08-1138.11,C08-1138.13,
RESULT,C08-1138.14,C08-1138.15,
USAGE,P04-3020.1,P04-3020.2,
USAGE,P04-3020.4,P04-3020.5,
PART_WHOLE,C90-2017.7,C90-2017.8,
MODEL-FEATURE,C88-2123.1,C88-2123.2,
PART_WHOLE,C88-2123.4,C88-2123.5,
MODEL-FEATURE,L08-1190.1,L08-1190.2,REVERSE
USAGE,L08-1190.4,L08-1190.5,
USAGE,L08-1190.6,L08-1190.7,REVERSE
USAGE,L08-1190.12,L08-1190.13,
COMPARE,E06-1044.5,E06-1044.7,
RESULT,E06-1044.9,E06-1044.10,REVERSE
RESULT,E06-1044.13,E06-1044.14,REVERSE
USAGE,E06-1044.15,E06-1044.16,
USAGE,C04-1178.6,C04-1178.7,
PART_WHOLE,C04-1178.8,C04-1178.9,
COMPARE,H94-1066.4,H94-1066.5,
RESULT,H94-1066.12,H94-1066.13,
PART_WHOLE,C04-1182.6,C04-1182.7,REVERSE
MODEL-FEATURE,C04-1182.8,C04-1182.9,
PART_WHOLE,C04-1182.14,C04-1182.15,
